Cust_id,Age,Name,Phone,Cust_Type
5674430,32,Rueben Perreault,(650) 763-4121,Online
5674431,20,Joey Peck,(924) 795-5495,Online
5674432,46,Dung Stine,(798) 041-3704,Online
5674433,,Joline Kitchen,(379) 385-1736,Online
5674434,40,Glinda Moody,(760) 373-0205,Online
5674435,46,Josie Huskey,(172) 940-2063,Online
5674436,31,Tomiko Duke,(534) 296-0813,Online
5674437,62,Debra Dobbs,(578) 186-0969,Online
5674438,,Antione Mercer,(841) 018-3546,Online
5674439,29,Robbie Kolb,(205) 478-6683,Online
5674440,37,Jeraldine Bobo,(794) 704-1569,Online
5674441,39,Jerrell Riggs,(878) 211-0233,Online
5674442,44,Jacinda Neely,(605) 802-7475,Online
5674443,19,Darwin Sayre,(724) 108-5278,Online
5674444,30,Quinn Pinson,(267) 791-9332,Online
5674445,37,Chloe Duvall,(704) 113-7494,Online
5674446,,Sherie Read,(755) 375-1598,Online
5674447,44,Shaquana Graves,(784) 787-0352,Online
5674448,49,Elmer Neil,(791) 888-7556,Online
5674449,28,Anita Ramsey,(885) 475-9537,Online
5674450,,Izetta Shultz,(564) 842-6553,Online
5674451,,Wayne Gordon,(420) 931-2485,Online
5674452,54,Gwyn Sorensen,(170) 932-1815,Online
5674453,35,Macy Gilbert,(714) 247-7523,Online
5674454,28,Ricky Shafer,(303) 241-7962,Online
5674455,43,Lashonda Barfield,(306) 793-4872,Online
5674456,46,Eulah Escamilla,(233) 098-1541,Online
5674457,,Talia Wilder,(392) 256-4183,Online
5674458,42,Raphael Purvis,(798) 090-4966,Online
5674459,47,Lauretta Taggart,(824) 006-9571,Online
5674460,49,Sabrina Spalding,(714) 147-5811,Online
5674461,32,Arletha Forrest,(539) 085-5795,Online
5674462,,Brenton Kowalski,(240) 228-6462,Online
5674463,47,Anthony Shannon,(362) 815-1225,Online
5674464,46,Percy Weathers,(349) 867-2746,Online
5674465,34,Brooke Skidmore,(106) 368-6361,Online
5674466,,Harley Leyva,(231) 141-2296,Online
5674467,47,Ivelisse Mauro,(842) 893-1101,Online
5674468,50,Jerrold Messenger,(431) 375-8021,Online
5674469,44,Helen Dexter,(879) 524-9337,Online
5674470,54,Marylyn Brockman,(159) 311-7583,Online
5674471,19,Era Garvey,(333) 618-0059,Online
5674472,36,Adalberto Pantoja,(985) 872-3693,Online
5674473,,Benjamin Hussey,(939) 622-1536,Online
5674474,37,Eric Easley,(861) 814-9246,Online
5674475,33,Noel Atkins,(502) 102-3434,Online
5674476,,Emiko Michaud,(388) 914-3161,Online
5674477,30,Leanora Odell,(676) 358-5264,Online
5674478,22,Hobert Cathey,(354) 136-8397,Online
5674479,24,Asia Atkins,(713) 145-1371,Online
5674480,50,Minnie Chesser,(164) 246-4199,Online
5674481,20,Bradley Ferrara,(372) 328-5571,Online
5674482,40,Harold Russo,(744) 396-6412,Online
5674483,30,Charley Cromwell,(449) 442-5615,Online
5674484,20,Ray Dorris,(143) 965-3303,Online
5674485,30,Nida Buck,(668) 266-9065,Online
5674486,20,Jacinto Ybarra,(313) 435-7508,Online
5674487,20,Josephine Leon,(207) 003-9548,Online
5674488,,Malcom Sena,(659) 027-6360,Online
5674489,20,Carmine Sanborn,(867) 969-3540,Online
5674490,20,Luther Elias,(926) 795-3139,Online
5674491,20,Delma Lovelace,(654) 043-8786,Online
5674492,20,Nida Schofield,(405) 061-2225,Online
5674493,30,Etta Cambell,(429) 634-0587,Online
5674494,20,Wilburn Foret,(383) 940-4204,Online
5674495,20,Quintin Fisk,(537) 933-2860,Online
5674496,20,Nickolas Kinney,(480) 273-6435,Online
5674497,18,Emilio Jude,(130) 961-1101,Online
5674498,20,Frederick Hendricks,(991) 549-3650,Online
5674499,20,Detra Stone,(275) 310-8562,Online
5674500,20,Ivory Jorgensen,(692) 808-0011,Online
5674501,20,Marla Mercado,(853) 043-8140,Online
5674502,20,Curt Newton,(326) 829-2764,Online
5674503,40,Bret Atherton,(256) 529-6705,Online
5674504,20,Maile Knight,(470) 984-0992,Online
5674505,20,Jamie Carey,(651) 852-2741,Online
5674506,,Jasper Hinkle,(259) 860-0619,Online
5674507,20,Darleen Hardwick,(989) 048-7688,Online
5674508,20,Josefine Tovar,(351) 386-8980,Online
5674509,20,Alton Cowart,(469) 121-4648,Online
5674510,20,Lala Arroyo,(257) 934-4310,Online
5674511,,Brady Felder,(884) 915-1170,Online
5674512,20,Bonny Noble,(102) 019-7182,Online
5674513,40,Dennis Hubbard,(529) 499-3134,Online
5674514,20,Mark Youngblood,(670) 304-8307,Online
5674515,20,Mickey Brittain,(647) 793-8938,Online
5674516,18,Mai Rich,(489) 970-2797,Online
5674517,20,Alonso Coronado,(831) 234-8291,Online
5674518,60,Loma Ackerman,(727) 608-3537,Online
5674519,20,Evita Slack,(128) 158-9628,Online
5674520,20,Leontine Pena,(579) 390-4993,Online
5674521,,Meryl Southern,(804) 819-6684,Online
5674522,20,Mel Dooley,(469) 026-8630,Online
5674523,50,Reggie Burnside,(429) 841-9434,Online
5674524,20,Thelma Dickens,(846) 828-8170,Online
5674525,20,Kena Ferreira,(441) 883-4123,Online
5674526,20,Cathrine Banda,(775) 855-5023,Online
5674527,20,Jesus Frick,(427) 106-1301,Online
5674528,20,Homer Ledoux,(966) 401-4511,Online
5674529,20,Madison Coley,(849) 076-2882,Online
5674530,50,Albert Bedford,(518) 342-4901,Online
5674531,20,Levi Strickland,(755) 036-0357,Online
5674532,40,Gabriel Pridgen,(269) 993-3244,Online
5674533,30,Denae Neely,(661) 808-8432,Online
5674534,20,Nelson Simms,(997) 194-9397,Online
5674535,30,Lan Sweet,(198) 733-8666,Online
5674536,20,Samatha Oldham,(901) 974-7535,Online
5674537,20,Echo Orellana,(790) 940-1847,Online
5674538,,Jessie Metcalf,(268) 850-0299,Online
5674539,20,Angella Brooks,(613) 672-5910,Online
5674540,20,Shaun Hess,(240) 902-3893,Online
5674541,20,Gregorio Betz,(151) 034-9240,Online
5674542,20,Warren Major,(552) 296-2398,Online
5674543,30,Eddie Oh,(950) 723-9679,Online
5674544,20,Liliana Shepherd,(707) 701-8508,Online
5674545,20,Gregory Clifford,(858) 341-1177,Online
5674546,20,Gus Ayres,(299) 651-1595,Online
5674547,18,Stan Proctor,(816) 994-9724,Online
5674548,20,Ora Reagan,(454) 046-9339,Online
5674549,20,Dolly Dooley,(575) 607-6777,Online
5674550,20,Isabell Roark,(494) 490-1479,Online
5674551,20,Monte Florence,(257) 920-1598,Online
5674552,20,Betsey Lord,(711) 885-0627,Online
5674553,40,Joesph Gleason,(278) 504-9748,Online
5674554,20,Elroy Otoole,(965) 601-4344,Online
5674555,20,Vernice Moya,(984) 522-7117,Online
5674556,,Jolynn Reilly,(742) 257-1389,Online
5674557,20,Cesar Christie,(355) 041-7950,Online
5674558,20,Jeannie Jordan,(170) 726-3953,Online
5674559,20,Man Beauregard,(660) 039-1042,Online
5674560,20,Burton Sheets,(831) 949-1517,Online
5674561,,Lucila Eason,(509) 581-4432,Online
5674562,20,Barrett Mchenry,(628) 581-3480,Online
5674563,40,Claudine Stevenson,(824) 309-1415,Online
5674564,20,Moriah Varela,(744) 593-6686,Online
5674565,20,Richie Barlow,(606) 156-8706,Online
5674566,18,Rodger Armstrong,(389) 160-2610,Online
5674567,20,Juanita Paradis,(525) 083-7483,Online
5674568,60,Nestor Mahon,(605) 762-6878,Online
5674569,20,Gertrude Cervantes,(471) 544-8240,Online
5674570,20,Clement Cahill,(834) 675-4602,Online
5674571,,Shelia Hughes,(826) 267-0546,Online
5674572,20,Deonna Word,(590) 913-8646,Online
5674573,50,Genaro Radford,(543) 385-1770,Online
5674574,20,Samuel Marion,(394) 403-6948,Online
5674575,20,Leticia Grayson,(713) 484-6771,Online
5674576,20,Brad Ragan,(897) 426-8069,Online
5674577,20,Brant Coble,(488) 749-1699,Online
5674578,20,Izetta Battaglia,(990) 679-0272,Online
5674579,20,Wilton Mcafee,(298) 834-5100,Online
5674580,50,Trevor Laird,(304) 224-1435,Online
5674581,20,Jon Coats,(978) 785-6196,Online
5674582,40,Randall Luttrell,(840) 465-3695,Online
5674583,30,Cammy Talley,(849) 577-6970,Online
5674584,20,Lindsay Bryant,(804) 398-5118,Online
5674585,30,Portia Clegg,(740) 067-2359,Online
5674586,20,Alden Gross,(186) 511-0279,Online
5674587,20,Michelina Baumgartner,(894) 556-5690,Online
5674588,,Joshua Bolduc,(669) 195-3733,Online
5674589,20,Arline Harden,(582) 620-5600,Online
5674590,20,Iliana Strain,(408) 143-1765,Online
5674591,20,Lakeisha Monahan,(385) 846-9688,Online
5674592,20,Arvilla Schaffer,(414) 014-4839,Online
5674593,30,Cary Dowling,(180) 136-9848,Online
5674594,20,Emil Pounds,(478) 916-8139,Online
5674595,20,Elias Gardiner,(780) 572-5721,Online
5674596,20,Bobby Robins,(975) 791-8599,Online
5674597,18,Zachary Boland,(590) 567-4206,Online
5674598,20,Eddy Epps,(559) 245-1453,Online
5674599,20,Tawanna Dillon,(765) 957-5324,Online
5674600,20,Karine Fahey,(416) 687-2195,Online
5674601,20,Katrina Tejeda,(695) 893-9103,Online
5674602,20,Maritza Crisp,(486) 567-2539,Online
5674603,40,Jules Whitson,(795) 328-8951,Online
5674604,20,Josef Kunz,(292) 778-4692,Online
5674605,20,Rosalba Joiner,(836) 897-2871,Online
5674606,,Isadora Kaminski,(884) 371-6077,Online
5674607,20,Dominique Wooten,(148) 586-8966,Online
5674608,20,Greg Key,(658) 197-9252,Online
5674609,20,Virgil Law,(134) 596-3478,Online
5674610,20,Rufus Forsythe,(742) 494-7617,Retail
5674611,,Marty Cavanaugh,(408) 325-1067,Retail
5674612,20,Jarvis Tate,(267) 695-4170,Retail
5674613,40,Israel Creighton,(280) 575-0633,Retail
5674614,20,Zack Kessler,(178) 565-8127,Retail
5674615,20,Meghann Bond,(257) 811-1976,Retail
5674616,18,Rosendo Briscoe,(277) 311-1579,Retail
5674617,20,Seth Houghton,(982) 435-3882,Retail
5674618,60,Patrick Delvalle,(497) 251-5916,Retail
5674619,20,Johnnie Song,(715) 153-7828,Retail
5674620,20,Rossana Knutson,(135) 566-5471,Retail
5674621,,Marcelo Whittaker,(851) 766-6421,Retail
5674622,20,Erick Dover,(301) 184-7225,Retail
5674623,50,Kenneth Bond,(785) 297-1905,Retail
5674624,20,Dyan Mcfarland,(719) 517-4795,Retail
5674625,20,Trina Covey,(895) 368-8321,Retail
5674626,20,Abdul Clem,(911) 940-6896,Retail
5674627,20,Lonny Ashby,(679) 962-1422,Retail
5674628,20,Victor Ingram,(517) 698-6271,Retail
5674629,20,Hazel Orlando,(449) 509-8742,Retail
5674630,50,Judson Alaniz,(453) 153-0037,Retail
5674631,20,Ellen Ashford,(792) 130-4435,Retail
5674632,40,Stacie Nash,(234) 415-6556,Retail
5674633,30,Emmanuel Montague,(785) 706-6991,Retail
5674634,20,Lucretia Whitman,(409) 815-0667,Retail
5674635,30,Emery Mattos,(895) 969-2793,Retail
5674636,20,Vada Allred,(607) 443-0966,Retail
5674637,20,Alexander Finnegan,(803) 210-4105,Retail
5674638,,Clair Neumann,(333) 501-1740,Retail
5674639,20,Arla Reiter,(144) 508-1398,Retail
5674640,20,Aurelia Burge,(812) 421-1585,Retail
5674641,20,Albert Plummer,(857) 154-4142,Retail
5674642,20,Marylynn Kimble,(391) 737-3003,Retail
5674643,30,Theresa Bickford,(174) 239-5233,Retail
5674644,20,Dorene Dent,(786) 894-9235,Retail
5674645,20,Conrad Oconnell,(483) 001-8553,Retail
5674646,20,Norberto Ferreira,(940) 108-4625,Retail
5674647,18,Giovanni Wylie,(736) 373-0580,Retail
5674648,20,Annetta Schulz,(110) 178-2291,Retail
5674649,20,Katy Grossman,(715) 885-3270,Retail
5674650,20,Sadye Gossett,(283) 346-6196,Retail
5674651,20,Raymond Schweitzer,(885) 112-4646,Retail
5674652,20,Dorthea Henry,(327) 803-6473,Retail
5674653,40,Shirly Kellum,(797) 956-1632,Retail
5674654,20,Hung Gold,(895) 310-0128,Retail
5674655,20,Marcene Duarte,(712) 834-8514,Retail
5674656,,Dudley Peterman,(916) 106-4120,Retail
5674657,20,Daryl Dorman,(540) 692-5943,Retail
5674658,20,Starr Cintron,(493) 466-3331,Retail
5674659,20,Julissa Lumpkin,(835) 749-3663,Retail
5674660,20,Loyd Sykes,(117) 575-2614,Retail
5674661,,Scotty Perdue,(150) 728-1874,Retail
5674662,20,Wayne Cagle,(438) 529-1632,Retail
5674663,40,Berenice Wasson,(346) 304-8078,Retail
5674664,20,Cheri Cerda,(120) 859-5452,Retail
5674665,20,Rhett Temple,(813) 269-4668,Retail
5674666,18,Kam Mason,(650) 581-5666,Retail
5674667,20,Jenelle Lamar,(949) 120-3223,Retail
5674668,60,Treva Kowalski,(374) 720-0633,Retail
5674669,20,Les Gracia,(404) 160-1329,Retail
5674670,20,Diann David,(706) 370-0225,Retail
5674671,,Hester Dias,(120) 018-5048,Retail
5674672,20,Odell Cowan,(575) 734-5644,Retail
5674673,50,Harlan Hamby,(675) 352-6368,Retail
5674674,20,Terrell Dupre,(862) 656-6963,Retail
5674675,20,Ellis Olivas,(372) 791-6048,Retail
5674676,20,Dusty Broadway,(384) 293-3771,Retail
5674677,20,Sylvester Cowan,(611) 536-3205,Retail
5674678,20,Ruben Shields,(606) 558-4043,Retail
5674679,20,Wen Dozier,(937) 655-4086,Retail
5674680,50,Kathaleen Mcclung,(155) 432-5953,Retail
5674681,20,Elayne Windham,(550) 575-3475,Retail
5674682,40,Sona Arnett,(771) 890-9217,Retail
5674683,30,Dylan Holt,(280) 126-1256,Retail
5674684,20,Archie Trinidad,(237) 346-1038,Retail
5674685,30,Lashawnda Banda,(528) 879-1532,Retail
5674686,20,Sheree Daly,(879) 680-9909,Retail
5674687,20,Ben Toro,(137) 244-9341,Retail
5674688,,Cherrie Mayfield,(714) 903-9035,Retail
5674689,20,Ardelle London,(982) 728-6093,Retail
5674690,20,Everett Perryman,(141) 057-2612,Retail
5674691,20,Ike Jansen,(727) 987-7051,Retail
5674692,20,Rudolph Rosser,(188) 563-9631,Retail
5674693,30,Frankie Wingfield,(314) 270-5188,Retail
5674694,20,Rene Dowd,(304) 096-9128,Retail
5674695,20,Curtis Seeley,(153) 009-9603,Retail
5674696,20,Carla Gates,(236) 921-8863,Retail
5674697,18,Priscila Hogan,(897) 959-9828,Retail
5674698,20,Jonathan Beauregard,(439) 458-6845,Retail
5674699,20,Danna Grubbs,(745) 395-6014,Retail
5674700,20,Vickey Edge,(893) 740-6648,Retail
5674701,20,Emmitt Stubbs,(340) 383-6817,Retail
5674702,20,Serafina Calvin,(585) 774-0941,Retail
5674703,40,Ike Pettit,(879) 676-4752,Retail
5674704,20,Theron Pino,(397) 489-4483,Retail
5674705,20,Charlena Burgess,(328) 974-3257,Retail
5674706,,Claretta Boudreaux,(789) 313-6618,Retail
5674707,20,Gabriel Ernst,(707) 148-7712,Retail
5674708,20,Leslee Norris,(298) 833-2806,Retail
5674709,20,Cherrie Schrader,(746) 583-8766,Retail
5674710,20,Albertine Schiller,(401) 992-9418,Both
5674711,,Lamar Harness,(572) 461-6953,Both
5674712,20,Nolan Tuggle,(727) 920-6892,Both
5674713,40,Lavern Plummer,(210) 793-5822,Both
5674714,20,Elza Dawson,(801) 840-8269,Both
5674715,20,Darnell Hammonds,(519) 170-1974,Both
5674716,18,Elissa Pratt,(279) 831-9947,Both
5674717,20,Nick Crowell,(956) 346-5335,Both
5674718,60,Bebe Piper,(207) 275-2245,Both
5674719,20,Chris Matheny,(928) 695-3411,Both
5674720,20,Wade Alba,(352) 340-3967,Both
5674721,,Clifford Kimbrell,(928) 419-1027,Both
5674722,20,Alda Fuentes,(975) 785-6594,Both
5674723,50,Mazie Neill,(221) 082-2181,Both
5674724,20,Chante Vance,(953) 409-3680,Both
5674725,20,Dayna Barnard,(142) 471-9651,Both
5674726,20,Denise Counts,(380) 473-4282,Both
5674727,20,Cesar Thomas,(545) 614-2246,Both
5674728,20,Gertrudis Hogg,(158) 860-9698,Both
5674729,20,Lettie Marquis,(362) 254-7891,Both
5674730,50,Cliff Marks,(451) 856-9283,Both
5674731,20,Bill Gillette,(514) 983-6531,Both
5674732,40,Heike Hoffmann,(217) 922-3651,Both
5674733,30,Cornelius Hickey,(844) 021-0350,Both
5674734,20,Kirk Ferraro,(314) 423-2932,Both
5674735,30,Jon Nguyen,(835) 257-9225,Both
5674736,20,Sterling Roach,(240) 298-8565,Both
5674737,20,Lael Uribe,(873) 979-5302,Both
5674738,,Marc Temple,(378) 634-8176,Both
5674739,20,Lavern Ames,(128) 749-8845,Both
5674740,20,Princess Oshea,(898) 179-3113,Both
5674741,20,Marquetta Schreiber,(775) 110-5877,Both
5674742,20,Luciano Lash,(719) 236-5697,Both
5674743,30,Raquel Delacruz,(179) 503-0621,Both
5674744,20,Phyliss Feliciano,(764) 848-4311,Both
5674745,20,Devora Chesser,(857) 944-2701,Both
5674746,20,Belkis Hurt,(295) 440-3297,Both
5674747,18,Kerrie Baer,(979) 375-2973,Both
5674748,20,Julian Chism,(672) 268-8006,Both
5674749,20,Kyla Stockton,(235) 910-5828,Both
5674750,20,Carmen Maas,(982) 404-0569,Both
5674751,20,Rhonda Lunsford,(498) 861-6979,Both
5674752,20,Dominick Waller,(178) 958-7206,Both
5674753,40,Randy Salcido,(174) 809-3685,Both
5674754,20,Lisandra Byers,(978) 816-7636,Both
5674755,20,Cary Embry,(144) 712-8008,Both
5674756,,Mary Barry,(476) 753-8020,Both
5674757,20,Tona Grace,(832) 602-6829,Both
5674758,20,Quyen Henley,(556) 919-0414,Both
5674759,20,Dan Webber,(558) 388-0556,Both
5674760,20,Refugio Bratton,(854) 506-7516,Both
5674761,,Garret Mcleod,(462) 272-5001,Both
5674762,20,Randa Stull,(803) 718-3912,Both
5674763,40,Mose Nichols,(545) 910-7381,Both
5674764,20,Connie Triplett,(799) 313-5690,Both
5674765,20,Donovan Meador,(830) 892-1631,Both
5674766,18,Rosetta Mclendon,(960) 531-8327,Both
5674767,20,Marcos Kinard,(724) 017-6170,Both
5674768,60,Reinaldo Rock,(894) 253-1825,Both
5674769,20,Marcus Meredith,(594) 623-7636,Both
5674770,20,Jerrell Vickers,(923) 320-1251,Both
5674771,,Ashley Mckenna,(117) 419-0695,Both
5674772,20,Jerlene Butts,(869) 174-6780,Both
5674773,50,Roderick Solomon,(872) 211-4602,Both
5674774,20,Brendan Matteson,(755) 076-1453,Both
5674775,20,Leona Waggoner,(671) 194-1529,Both
5674776,20,Christian Wahl,(779) 676-5513,Both
5674777,20,Donnie Milton,(482) 928-3359,Both
5674778,20,Harlan Valenti,(513) 199-8866,Both
5674779,20,Avery Stauffer,(524) 577-9178,Both
5674780,50,Laila Grigsby,(252) 501-1681,Both
5674781,20,Bobbie Sharpe,(943) 600-0506,Both
5674782,40,Mel Briseno,(470) 104-0582,Both
5674783,30,Hisako Seiler,(696) 286-7932,Both
5674784,20,Merlin Rodrigues,(223) 749-3122,Both
5674785,30,Jannie Hansen,(706) 706-9640,Both
5674786,20,Linette Strauss,(387) 311-8037,Both
5674787,20,Williemae Ponce,(130) 446-2970,Both
5674788,,Cecil Golden,(969) 380-2718,Both
5674789,20,Annabel Tilton,(497) 309-1198,Both
5674790,20,Neoma Keith,(417) 937-3671,Both
5674791,20,Toshiko Olds,(664) 576-7887,Both
5674792,20,Anneliese Nettles,(157) 159-8406,Both
5674793,30,Amelia Ortega,(354) 564-5054,Both
5674794,20,Joe Fisher,(978) 494-9717,Both
5674795,20,Dominique Dellinger,(292) 993-2781,Both
5674796,20,Meridith Jolley,(892) 302-9366,Both
5674797,18,Zack Rector,(150) 628-7532,Both
5674798,20,Merrill Russell,(387) 309-0888,Both
5674799,20,Hsiu Guillen,(755) 615-6245,Both
5674800,20,Richard Anglin,(842) 151-5385,Both
5674801,20,Fidel Booth,(626) 907-2509,Both
5674802,20,Noel Finnegan,(247) 398-4435,Both
5674803,40,Hosea Heflin,(115) 614-5190,Both
5674804,20,Bettye Scoggins,(774) 995-3369,Both
5674805,20,Olivia Perry,(847) 287-5474,Both
5674806,,Mora Delatorre,(318) 767-4364,Both
5674807,20,Rodger Gurley,(460) 375-1209,Both
5674808,20,Lynna Charles,(404) 152-9202,Both
5674809,20,Bryan Marx,(559) 705-2052,Both
5674810,20,Robby Madrigal,(501) 275-1918,Both
5674811,,Claris Hyde,(128) 599-3091,Both
5674812,20,Jody Edmondson,(402) 814-0502,Both
5674813,40,Calvin Bearden,(132) 150-5262,Both
5674814,20,Harold Hwang,(234) 814-7408,Both
5674815,20,Sally Staley,(748) 892-5885,Both
5674816,18,Nancee Collier,(624) 750-0067,Both
5674817,20,Evangelina George,(378) 126-2780,Both
5674818,60,Angel Hamel,(816) 421-7271,Both
5674819,20,Abby Dehart,(801) 490-8677,Both
5674820,20,Jasmine Frasier,(301) 350-2072,Both
5674821,,Signe Davis,(500) 619-8194,Both
5674822,20,Brigida Packer,(664) 640-2255,Both
5674823,50,Elisha Kiefer,(140) 081-7578,Both
5674824,20,Morton Trask,(345) 947-4762,Both
5674825,20,Stanley Bundy,(551) 439-8371,Both
5674826,20,Lynn Kidwell,(377) 211-5823,Both
5674827,20,Laverne Witt,(450) 067-7380,Both
5674828,20,Tracy Dailey,(395) 805-6744,Both
5674829,20,Floretta Lemaster,(236) 871-5025,Both