OOF_no,O_Ord_no,Prod_id,Qnty,C_Name,,,,,,,,,,,
1001,975680,10010,1,Purple Mango,,,,,,,,,,,
1002,975680,10010,1,Purple Mango,,,,,,,,,,,
1003,975681,10020,1,The Building People,,,,,,,,,,,
1004,975681,10030,1,Blue Kite Web,,,,,,,,,,,
1005,975682,10030,1,Blue Kite Web,,,,,,,,,,,
1006,975682,10070,1,The Marron Door,,,,,,,,,,,
1007,975683,10040,1,The Tree Fellas,,,,,,,,,,,
1008,975683,10090,1,The Zebra,,,,,,,,,,,
1009,975684,10050,1,The Orange,,,,,,,,,,,
1010,975684,10140,1,Unchained Carrot,,,,,,,,,,,
1011,975685,10060,1,Purple Mango,,,,,,,,,,,
1012,975685,10160,1,Arctic Wolf,,,,,,,,,,,
1013,975686,10070,1,The Marron Door,,,,,,,,,,,
1014,975686,10170,1,The Maroon Door,,,,,,,,,,,
1015,975687,10080,1,Angela's,,,,,,,,,,,
1016,975688,10090,1,The Zebra,,,,,,,,,,,
1017,975689,10100,1,The Zebra,,,,,,,,,,,
1018,975690,10110,1,Arctic Wolf,,,,,,,,,,,
1019,975691,10120,1,Tiny Rebellion,,,,,,,,,,,
1020,975692,10130,1,Small Giants,,,,,,,,,,,
1021,975693,10140,1,Unchained Carrot,,,,,,,,,,,
1022,975694,10150,1,Blue Kite Web,,,,,,,,,,,
1023,975695,10160,1,Arctic Wolf,,,,,,,,,,,
1024,975696,10170,1,The Maroon Door,,,,,,,,,,,
1025,975697,10010,1,Purple Mango,,,,,,,,,,,
1026,975697,10010,1,Purple Mango,,,,,,,,,,,
1027,975698,10020,1,The Building People,,,,,,,,,,,
1028,975698,10030,1,Blue Kite Web,,,,,,,,,,,
1029,975699,10030,1,Blue Kite Web,,,,,,,,,,,
1030,975699,10070,1,The Marron Door,,,,,,,,,,,
1031,975700,10040,1,The Tree Fellas,,,,,,,,,,,
1032,975700,10090,1,The Zebra,,,,,,,,,,,
1033,975701,10050,1,The Orange,,,,,,,,,,,
1034,975701,10140,1,Unchained Carrot,,,,,,,,,,,
1035,975702,10060,1,Purple Mango,,,,,,,,,,,
1036,975702,10160,1,Arctic Wolf,,,,,,,,,,,
1037,975703,10070,1,The Marron Door,,,,,,,,,,,
1038,975703,10170,1,The Maroon Door,,,,,,,,,,,
1039,975704,10080,1,Angela's,,,,,,,,,,,
1040,975705,10090,1,The Zebra,,,,,,,,,,,
1041,975706,10100,1,The Zebra,,,,,,,,,,,
1042,975707,10110,1,Arctic Wolf,,,,,,,,,,,
1043,975708,10120,1,Tiny Rebellion,,,,,,,,,,,
1044,975709,10130,1,Small Giants,,,,,,,,,,,
1045,975710,10030,1,Blue Kite Web,,,,,,,,,,,
1046,975711,10070,1,The Marron Door,,,,,,,,,,,
1047,975711,10040,1,The Tree Fellas,,,,,,,,,,,
1048,975712,10090,1,The Zebra,,,,,,,,,,,
1049,975712,10050,1,The Orange,,,,,,,,,,,
1050,975713,10140,1,Unchained Carrot,,,,,,,,,,,
1051,975713,10060,1,Purple Mango,,,,,,,,,,,
1052,975714,10160,1,Arctic Wolf,,,,,,,,,,,
1053,975714,10070,1,The Marron Door,,,,,,,,,,,
1054,975715,10170,1,The Maroon Door,,,,,,,,,,,
1055,975715,10080,1,Angela's,,,,,,,,,,,
1056,975716,10090,1,The Zebra,,,,,,,,,,,
1057,975716,10100,1,The Zebra,,,,,,,,,,,
1058,975717,10110,1,Arctic Wolf,,,,,,,,,,,
1059,975717,10120,1,Tiny Rebellion,,,,,,,,,,,
1060,975718,10130,1,Small Giants,,,,,,,,,,,
1061,975719,10140,1,Unchained Carrot,,,,,,,,,,,
1062,975720,10150,1,Blue Kite Web,,,,,,,,,,,
1063,975721,10160,1,Arctic Wolf,,,,,,,,,,,
1064,975722,10170,1,The Maroon Door,,,,,,,,,,,
1065,975723,10010,1,Purple Mango,,,,,,,,,,,
1066,975724,10010,1,Purple Mango,,,,,,,,,,,
1067,975725,10020,1,The Building People,,,,,,,,,,,
1068,975726,10030,1,Blue Kite Web,,,,,,,,,,,
1069,975727,10030,1,Blue Kite Web,,,,,,,,,,,
1070,975728,10070,1,The Marron Door,,,,,,,,,,,
1071,975729,10040,1,The Tree Fellas,,,,,,,,,,,
1072,975730,10090,1,The Zebra,,,,,,,,,,,
1073,975731,10050,1,The Orange,,,,,,,,,,,
1074,975732,10140,1,Unchained Carrot,,,,,,,,,,,
1075,975733,10060,1,Purple Mango,,,,,,,,,,,
1076,975733,10160,1,Arctic Wolf,,,,,,,,,,,
1077,975734,10070,1,The Marron Door,,,,,,,,,,,
1078,975734,10170,1,The Maroon Door,,,,,,,,,,,
1079,975735,10080,1,Angela's,,,,,,,,,,,
1080,975735,10090,1,The Zebra,,,,,,,,,,,
1081,975736,10100,1,The Zebra,,,,,,,,,,,
1082,975736,10110,1,Arctic Wolf,,,,,,,,,,,
1083,975737,10120,1,Tiny Rebellion,,,,,,,,,,,
1084,975737,10130,1,Small Giants,,,,,,,,,,,
1085,975738,10140,1,Unchained Carrot,,,,,,,,,,,
1086,975738,10150,1,Blue Kite Web,,,,,,,,,,,
1087,975739,10160,1,Arctic Wolf,,,,,,,,,,,
1088,975739,10170,1,The Maroon Door,,,,,,,,,,,
1089,975740,10010,1,Purple Mango,,,,,,,,,,,
1090,975741,10010,1,Purple Mango,,,,,,,,,,,
1091,975742,10020,1,The Building People,,,,,,,,,,,
1092,975743,10030,1,Blue Kite Web,,,,,,,,,,,
1093,975744,10030,1,Blue Kite Web,,,,,,,,,,,
1094,975745,10070,1,The Marron Door,,,,,,,,,,,
1095,975746,10040,1,The Tree Fellas,,,,,,,,,,,
1096,975747,10090,1,The Zebra,,,,,,,,,,,
1097,975747,10050,1,The Orange,,,,,,,,,,,
1098,975748,10140,1,Unchained Carrot,,,,,,,,,,,
1099,975748,10060,1,Purple Mango,,,,,,,,,,,
1100,975749,10160,1,Arctic Wolf,,,,,,,,,,,
1101,975749,10070,1,The Marron Door,,,,,,,,,,,
1102,975750,10170,1,The Maroon Door,,,,,,,,,,,
1103,975750,10080,1,Angela's,,,,,,,,,,,
1104,975751,10090,1,The Zebra,,,,,,,,,,,
1105,975751,10100,1,The Zebra,,,,,,,,,,,
1106,975752,10110,1,Arctic Wolf,,,,,,,,,,,
1107,975752,10120,1,Tiny Rebellion,,,,,,,,,,,
1108,975753,10130,1,Small Giants,,,,,,,,,,,
1109,975753,10030,1,Blue Kite Web,,,,,,,,,,,
1110,975754,10070,1,The Marron Door,,,,,,,,,,,
1111,975755,10040,1,The Tree Fellas,,,,,,,,,,,
1112,975756,10090,1,The Zebra,,,,,,,,,,,
1113,975757,10050,1,The Orange,,,,,,,,,,,
1114,975758,10140,1,Unchained Carrot,,,,,,,,,,,
1115,975759,10060,1,Purple Mango,,,,,,,,,,,
1116,975760,10160,1,Arctic Wolf,,,,,,,,,,,
1117,975761,10070,1,The Marron Door,,,,,,,,,,,
1118,975762,10170,1,The Maroon Door,,,,,,,,,,,
1119,975763,10080,1,Angela's,,,,,,,,,,,
1120,975764,10090,1,The Zebra,,,,,,,,,,,
1121,975764,10100,1,The Zebra,,,,,,,,,,,
1122,975765,10110,1,Arctic Wolf,,,,,,,,,,,
1123,975765,10120,1,Tiny Rebellion,,,,,,,,,,,
1124,975766,10130,1,Small Giants,,,,,,,,,,,
1125,975766,10140,1,Unchained Carrot,,,,,,,,,,,
1126,975767,10150,1,Blue Kite Web,,,,,,,,,,,
1127,975767,10160,1,Arctic Wolf,,,,,,,,,,,
1128,975768,10170,1,The Maroon Door,,,,,,,,,,,
1129,975768,10010,1,Purple Mango,,,,,,,,,,,
1130,975769,10010,1,Purple Mango,,,,,,,,,,,
1131,975769,10020,1,The Building People,,,,,,,,,,,
1132,975770,10030,1,Blue Kite Web,,,,,,,,,,,
1133,975770,10030,1,Blue Kite Web,,,,,,,,,,,
1134,975771,10070,1,The Marron Door,,,,,,,,,,,
1135,975772,10040,1,The Tree Fellas,,,,,,,,,,,
1136,975773,10090,1,The Zebra,,,,,,,,,,,
1137,975774,10050,1,The Orange,,,,,,,,,,,
1138,975775,10140,1,Unchained Carrot,,,,,,,,,,,
1139,975776,10060,1,Purple Mango,,,,,,,,,,,
1140,975777,10160,1,Arctic Wolf,,,,,,,,,,,
1141,975778,10070,1,The Marron Door,,,,,,,,,,,
1142,975778,10170,1,The Maroon Door,,,,,,,,,,,
1143,975779,10080,1,Angela's,,,,,,,,,,,
1144,975779,10090,1,The Zebra,,,,,,,,,,,
1145,975780,10100,1,The Zebra,,,,,,,,,,,
1146,975780,10110,1,Arctic Wolf,,,,,,,,,,,
1147,975781,10120,1,Tiny Rebellion,,,,,,,,,,,
1148,975781,10130,1,Small Giants,,,,,,,,,,,
1149,975782,10140,1,Unchained Carrot,,,,,,,,,,,
1150,975782,10150,1,Blue Kite Web,,,,,,,,,,,
1151,975783,10160,1,Arctic Wolf,,,,,,,,,,,
1152,975783,10170,1,The Maroon Door,,,,,,,,,,,
1153,975784,10010,1,Purple Mango,,,,,,,,,,,
1154,975784,10010,1,Purple Mango,,,,,,,,,,,
1155,975785,10020,1,The Building People,,,,,,,,,,,
1156,975786,10030,1,Blue Kite Web,,,,,,,,,,,
1157,975787,10030,1,Blue Kite Web,,,,,,,,,,,
1158,975788,10070,1,The Marron Door,,,,,,,,,,,
1159,975789,10040,1,The Tree Fellas,,,,,,,,,,,
1160,975790,10090,1,The Zebra,,,,,,,,,,,
1161,975791,10050,1,The Orange,,,,,,,,,,,
1162,975792,10140,1,Unchained Carrot,,,,,,,,,,,
1163,975793,10060,1,Purple Mango,,,,,,,,,,,
1164,975794,10160,1,Arctic Wolf,,,,,,,,,,,
1165,975795,10070,1,The Marron Door,,,,,,,,,,,
1166,975795,10170,1,The Maroon Door,,,,,,,,,,,
1167,975796,10080,1,Angela's,,,,,,,,,,,
1168,975796,10090,1,The Zebra,,,,,,,,,,,
1169,975797,10100,1,The Zebra,,,,,,,,,,,
1170,975797,10110,1,Arctic Wolf,,,,,,,,,,,
1171,975798,10120,1,Tiny Rebellion,,,,,,,,,,,
1172,975798,10130,1,Small Giants,,,,,,,,,,,
1173,975799,10030,1,Blue Kite Web,,,,,,,,,,,
1174,975799,10070,1,The Marron Door,,,,,,,,,,,
1175,975800,10040,1,The Tree Fellas,,,,,,,,,,,
1176,975800,10090,1,The Zebra,,,,,,,,,,,
1177,975801,10050,1,The Orange,,,,,,,,,,,
1178,975801,10140,1,Unchained Carrot,,,,,,,,,,,
1179,975802,10060,1,Purple Mango,,,,,,,,,,,
1180,975803,10160,1,Arctic Wolf,,,,,,,,,,,
1181,975804,10070,1,The Marron Door,,,,,,,,,,,
1182,975805,10170,1,The Maroon Door,,,,,,,,,,,
1183,975806,10080,1,Angela's,,,,,,,,,,,
1184,975807,10090,1,The Zebra,,,,,,,,,,,
1185,975808,10100,1,The Zebra,,,,,,,,,,,
1186,975809,10110,1,Arctic Wolf,,,,,,,,,,,
1187,975809,10120,1,Tiny Rebellion,,,,,,,,,,,
1188,975810,10130,1,Small Giants,,,,,,,,,,,
1189,975810,10140,1,Unchained Carrot,,,,,,,,,,,
1190,975811,10150,1,Blue Kite Web,,,,,,,,,,,
1191,975811,10160,1,Arctic Wolf,,,,,,,,,,,
1192,975812,10170,1,The Maroon Door,,,,,,,,,,,
1193,975812,10010,1,Purple Mango,,,,,,,,,,,
1194,975813,10010,1,Purple Mango,,,,,,,,,,,
1195,975813,10020,1,The Building People,,,,,,,,,,,
1196,975814,10030,1,Blue Kite Web,,,,,,,,,,,
1197,975814,10030,1,Blue Kite Web,,,,,,,,,,,
1198,975815,10070,1,The Marron Door,,,,,,,,,,,
1199,975815,10040,1,The Tree Fellas,,,,,,,,,,,
1200,975816,10090,1,The Zebra,,,,,,,,,,,
1201,975817,10050,1,The Orange,,,,,,,,,,,
1202,975818,10140,1,Unchained Carrot,,,,,,,,,,,
1203,975819,10060,1,Purple Mango,,,,,,,,,,,
1204,975820,10160,1,Arctic Wolf,,,,,,,,,,,
1205,975821,10070,1,The Marron Door,,,,,,,,,,,
1206,975822,10170,1,The Maroon Door,,,,,,,,,,,
1207,975823,10080,1,Angela's,,,,,,,,,,,
1208,975824,10090,1,The Zebra,,,,,,,,,,,
1209,975825,10100,1,The Zebra,,,,,,,,,,,
1210,975826,10110,1,Arctic Wolf,,,,,,,,,,,
1211,975826,10120,1,Tiny Rebellion,,,,,,,,,,,
1212,975827,10130,1,Small Giants,,,,,,,,,,,
1213,975827,10140,1,Unchained Carrot,,,,,,,,,,,
1214,975828,10150,1,Blue Kite Web,,,,,,,,,,,
1215,975828,10160,1,Arctic Wolf,,,,,,,,,,,
1216,975829,10170,1,The Maroon Door,,,,,,,,,,,
1217,975829,10010,1,Purple Mango,,,,,,,,,,,
1218,975830,10010,1,Purple Mango,,,,,,,,,,,
1219,975830,10020,1,The Building People,,,,,,,,,,,
1220,975831,10030,1,Blue Kite Web,,,,,,,,,,,
1221,975831,10030,1,Blue Kite Web,,,,,,,,,,,
1222,975832,10070,1,The Marron Door,,,,,,,,,,,
1223,975832,10040,1,The Tree Fellas,,,,,,,,,,,
1224,975833,10090,1,The Zebra,,,,,,,,,,,
1225,975834,10050,1,The Orange,,,,,,,,,,,
1226,975835,10140,1,Unchained Carrot,,,,,,,,,,,
1227,975836,10060,1,Purple Mango,,,,,,,,,,,
1228,975837,10160,1,Arctic Wolf,,,,,,,,,,,
1229,975838,10070,1,The Marron Door,,,,,,,,,,,
1230,975839,10170,1,The Maroon Door,,,,,,,,,,,
1231,975840,10080,1,Angela's,,,,,,,,,,,
1232,975840,10090,1,The Zebra,,,,,,,,,,,
1233,975841,10100,1,The Zebra,,,,,,,,,,,
1234,975841,10110,1,Arctic Wolf,,,,,,,,,,,
1235,975842,10120,1,Tiny Rebellion,,,,,,,,,,,
1236,975842,10130,1,Small Giants,,,,,,,,,,,
1237,975843,10030,1,Blue Kite Web,,,,,,,,,,,
1238,975843,10070,1,The Marron Door,,,,,,,,,,,
1239,975844,10040,1,The Tree Fellas,,,,,,,,,,,
1240,975844,10090,1,The Zebra,,,,,,,,,,,
1241,975845,10050,1,The Orange,,,,,,,,,,,
1242,975845,10140,1,Unchained Carrot,,,,,,,,,,,
1243,975846,10060,1,Purple Mango,,,,,,,,,,,
1244,975846,10160,1,Arctic Wolf,,,,,,,,,,,
1245,975847,10070,1,The Marron Door,,,,,,,,,,,
1246,975848,10170,1,The Maroon Door,,,,,,,,,,,
1247,975849,10080,1,Angela's,,,,,,,,,,,
1248,975850,10090,1,The Zebra,,,,,,,,,,,
1249,975851,10100,1,The Zebra,,,,,,,,,,,
1250,975852,10110,1,Arctic Wolf,,,,,,,,,,,
1251,975853,10120,1,Tiny Rebellion,,,,,,,,,,,
1252,975854,10130,1,Small Giants,,,,,,,,,,,
1253,975855,10140,1,Unchained Carrot,,,,,,,,,,,
1254,975856,10150,1,Blue Kite Web,,,,,,,,,,,
1255,975857,10160,1,Arctic Wolf,,,,,,,,,,,
1256,975857,10170,1,The Maroon Door,,,,,,,,,,,
1257,975858,10010,1,Purple Mango,,,,,,,,,,,
1258,975858,10010,1,Purple Mango,,,,,,,,,,,
1259,975859,10020,1,The Building People,,,,,,,,,,,
1260,975859,10030,1,Blue Kite Web,,,,,,,,,,,
1261,975860,10030,1,Blue Kite Web,,,,,,,,,,,
1262,975860,10070,1,The Marron Door,,,,,,,,,,,
1263,975861,10040,1,The Tree Fellas,,,,,,,,,,,
1264,975861,10090,1,The Zebra,,,,,,,,,,,
1265,975862,10050,1,The Orange,,,,,,,,,,,
1266,975862,10140,1,Unchained Carrot,,,,,,,,,,,
1267,975863,10060,1,Purple Mango,,,,,,,,,,,
1268,975863,10160,1,Arctic Wolf,,,,,,,,,,,
1269,975864,10070,1,The Marron Door,,,,,,,,,,,
1270,975865,10170,1,The Maroon Door,,,,,,,,,,,
1271,975866,10080,1,Angela's,,,,,,,,,,,
1272,975867,10090,1,The Zebra,,,,,,,,,,,
1273,975868,10100,1,The Zebra,,,,,,,,,,,
1274,975869,10110,1,Arctic Wolf,,,,,,,,,,,
1275,975870,10120,1,Tiny Rebellion,,,,,,,,,,,
1276,975871,10130,1,Small Giants,,,,,,,,,,,
1277,975871,10140,1,Unchained Carrot,,,,,,,,,,,
1278,975872,10150,1,Blue Kite Web,,,,,,,,,,,
1279,975872,10160,1,Arctic Wolf,,,,,,,,,,,
1280,975873,10170,1,The Maroon Door,,,,,,,,,,,
1281,975873,10010,1,Purple Mango,,,,,,,,,,,
1282,975874,10010,1,Purple Mango,,,,,,,,,,,
1283,975874,10020,1,The Building People,,,,,,,,,,,
1284,975875,10030,1,Blue Kite Web,,,,,,,,,,,
1285,975875,10030,1,Blue Kite Web,,,,,,,,,,,
1286,975876,10070,1,The Marron Door,,,,,,,,,,,
1287,975876,10040,1,The Tree Fellas,,,,,,,,,,,
1288,975877,10090,1,The Zebra,,,,,,,,,,,
1289,975877,10050,1,The Orange,,,,,,,,,,,
1290,975878,10140,1,Unchained Carrot,,,,,,,,,,,
1291,975879,10060,1,Purple Mango,,,,,,,,,,,
1292,975880,10160,1,Arctic Wolf,,,,,,,,,,,
1293,975881,10070,1,The Marron Door,,,,,,,,,,,
1294,975882,10170,1,The Maroon Door,,,,,,,,,,,
1295,975883,10080,1,Angela's,,,,,,,,,,,
1296,975884,10090,1,The Zebra,,,,,,,,,,,
1297,975885,10100,1,The Zebra,,,,,,,,,,,
1298,975886,10110,1,Arctic Wolf,,,,,,,,,,,
1299,975887,10120,1,Tiny Rebellion,,,,,,,,,,,
1300,975888,10130,1,Small Giants,,,,,,,,,,,
1301,975888,10030,1,Blue Kite Web,,,,,,,,,,,
1302,975889,10070,1,The Marron Door,,,,,,,,,,,
1303,975889,10040,1,The Tree Fellas,,,,,,,,,,,
1304,975890,10090,1,The Zebra,,,,,,,,,,,
1305,975890,10050,1,The Orange,,,,,,,,,,,
1306,975891,10140,1,Unchained Carrot,,,,,,,,,,,
1307,975891,10060,1,Purple Mango,,,,,,,,,,,
1308,975892,10160,1,Arctic Wolf,,,,,,,,,,,
1309,975892,10070,1,The Marron Door,,,,,,,,,,,
1310,975893,10170,1,The Maroon Door,,,,,,,,,,,
1311,975893,10080,1,Angela's,,,,,,,,,,,
1312,975894,10090,1,The Zebra,,,,,,,,,,,
1313,975894,10100,1,The Zebra,,,,,,,,,,,
1314,975895,10110,1,Arctic Wolf,,,,,,,,,,,
1315,975896,10120,1,Tiny Rebellion,,,,,,,,,,,
1316,975897,10130,1,Small Giants,,,,,,,,,,,
1317,975898,10140,1,Unchained Carrot,,,,,,,,,,,
1318,975899,10150,1,Blue Kite Web,,,,,,,,,,,
1319,975900,10160,1,Arctic Wolf,,,,,,,,,,,
1320,975901,10170,1,The Maroon Door,,,,,,,,,,,
1321,975902,10010,1,Purple Mango,,,,,,,,,,,
1322,975902,10010,1,Purple Mango,,,,,,,,,,,
1323,975903,10020,1,The Building People,,,,,,,,,,,
1324,975903,10030,1,Blue Kite Web,,,,,,,,,,,
1325,975904,10030,1,Blue Kite Web,,,,,,,,,,,
1326,975904,10070,1,The Marron Door,,,,,,,,,,,
1327,975905,10040,1,The Tree Fellas,,,,,,,,,,,
1328,975905,10090,1,The Zebra,,,,,,,,,,,
1329,975906,10050,1,The Orange,,,,,,,,,,,
1330,975906,10140,1,Unchained Carrot,,,,,,,,,,,
1331,975907,10060,1,Purple Mango,,,,,,,,,,,
1332,975907,10160,1,Arctic Wolf,,,,,,,,,,,
1333,975908,10070,1,The Marron Door,,,,,,,,,,,
1334,975908,10170,1,The Maroon Door,,,,,,,,,,,
1335,975909,10080,1,Angela's,,,,,,,,,,,
1336,975910,10090,1,The Zebra,,,,,,,,,,,
1337,975911,10100,1,The Zebra,,,,,,,,,,,
1338,975912,10110,1,Arctic Wolf,,,,,,,,,,,
1339,975913,10120,1,Tiny Rebellion,,,,,,,,,,,
1340,975914,10130,1,Small Giants,,,,,,,,,,,
1341,975915,10140,1,Unchained Carrot,,,,,,,,,,,
1342,975916,10150,1,Blue Kite Web,,,,,,,,,,,
1343,975917,10160,1,Arctic Wolf,,,,,,,,,,,
1344,975918,10170,1,The Maroon Door,,,,,,,,,,,
1345,975919,10010,1,Purple Mango,,,,,,,,,,,
1346,975919,10010,1,Purple Mango,,,,,,,,,,,
1347,975920,10020,1,The Building People,,,,,,,,,,,
1348,975920,10030,1,Blue Kite Web,,,,,,,,,,,
1349,975921,10030,1,Blue Kite Web,,,,,,,,,,,
1350,975921,10070,1,The Marron Door,,,,,,,,,,,
1351,975922,10040,1,The Tree Fellas,,,,,,,,,,,
1352,975922,10090,1,The Zebra,,,,,,,,,,,
1353,975923,10050,1,The Orange,,,,,,,,,,,
1354,975923,10140,1,Unchained Carrot,,,,,,,,,,,
1355,975924,10060,1,Purple Mango,,,,,,,,,,,
1356,975924,10160,1,Arctic Wolf,,,,,,,,,,,
1357,975925,10070,1,The Marron Door,,,,,,,,,,,
1358,975925,10170,1,The Maroon Door,,,,,,,,,,,
1359,975926,10080,1,Angela's,,,,,,,,,,,
1360,975927,10090,1,The Zebra,,,,,,,,,,,
1361,975928,10100,1,The Zebra,,,,,,,,,,,
1362,975929,10110,1,Arctic Wolf,,,,,,,,,,,
1363,975930,10120,1,Tiny Rebellion,,,,,,,,,,,
1364,975931,10130,1,Small Giants,,,,,,,,,,,
1365,975932,10030,1,Blue Kite Web,,,,,,,,,,,
1366,975933,10070,1,The Marron Door,,,,,,,,,,,
1367,975933,10040,1,The Tree Fellas,,,,,,,,,,,
1368,975934,10090,1,The Zebra,,,,,,,,,,,
1369,975934,10050,1,The Orange,,,,,,,,,,,
1370,975935,10140,1,Unchained Carrot,,,,,,,,,,,
1371,975935,10060,1,Purple Mango,,,,,,,,,,,
1372,975936,10160,1,Arctic Wolf,,,,,,,,,,,
1373,975936,10070,1,The Marron Door,,,,,,,,,,,
1374,975937,10170,1,The Maroon Door,,,,,,,,,,,
1375,975937,10080,1,Angela's,,,,,,,,,,,
1376,975938,10090,1,The Zebra,,,,,,,,,,,
1377,975938,10100,1,The Zebra,,,,,,,,,,,
1378,975939,10110,1,Arctic Wolf,,,,,,,,,,,
1379,975939,10120,1,Tiny Rebellion,,,,,,,,,,,
1380,975940,10130,1,Small Giants,,,,,,,,,,,
1381,975941,10140,1,Unchained Carrot,,,,,,,,,,,
1382,975942,10150,1,Blue Kite Web,,,,,,,,,,,
1383,975943,10160,1,Arctic Wolf,,,,,,,,,,,
1384,975944,10170,1,The Maroon Door,,,,,,,,,,,
1385,975945,10010,1,Purple Mango,,,,,,,,,,,
1386,975946,10010,1,Purple Mango,,,,,,,,,,,
1387,975947,10020,1,The Building People,,,,,,,,,,,
1388,975948,10030,1,Blue Kite Web,,,,,,,,,,,
1389,975949,10030,1,Blue Kite Web,,,,,,,,,,,
1390,975950,10070,1,The Marron Door,,,,,,,,,,,
1391,975950,10040,1,The Tree Fellas,,,,,,,,,,,
1392,975951,10090,1,The Zebra,,,,,,,,,,,
1393,975951,10050,1,The Orange,,,,,,,,,,,
1394,975952,10140,1,Unchained Carrot,,,,,,,,,,,
1395,975952,10060,1,Purple Mango,,,,,,,,,,,
1396,975953,10160,1,Arctic Wolf,,,,,,,,,,,
1397,975953,10070,1,The Marron Door,,,,,,,,,,,
1398,975954,10170,1,The Maroon Door,,,,,,,,,,,
1399,975954,10080,1,Angela's,,,,,,,,,,,
1400,975955,10090,1,The Zebra,,,,,,,,,,,
1401,975955,10100,1,The Zebra,,,,,,,,,,,
1402,975956,10110,1,Arctic Wolf,,,,,,,,,,,
1403,975956,10120,1,Tiny Rebellion,,,,,,,,,,,
1404,975957,10130,1,Small Giants,,,,,,,,,,,
1405,975958,10140,1,Unchained Carrot,,,,,,,,,,,
1406,975959,10150,1,Blue Kite Web,,,,,,,,,,,
1407,975960,10160,1,Arctic Wolf,,,,,,,,,,,
1408,975961,10170,1,The Maroon Door,,,,,,,,,,,
1409,975962,10010,1,Purple Mango,,,,,,,,,,,
1410,975963,10010,1,Purple Mango,,,,,,,,,,,
1411,975964,10020,1,The Building People,,,,,,,,,,,
1412,975964,10030,1,Blue Kite Web,,,,,,,,,,,
1413,975965,10030,1,Blue Kite Web,,,,,,,,,,,
1414,975965,10070,1,The Marron Door,,,,,,,,,,,
1415,975966,10040,1,The Tree Fellas,,,,,,,,,,,
1416,975966,10090,1,The Zebra,,,,,,,,,,,
1417,975967,10050,1,The Orange,,,,,,,,,,,
1418,975967,10140,1,Unchained Carrot,,,,,,,,,,,
1419,975968,10060,1,Purple Mango,,,,,,,,,,,
1420,975968,10160,1,Arctic Wolf,,,,,,,,,,,
1421,975969,10070,1,The Marron Door,,,,,,,,,,,
1422,975969,10170,1,The Maroon Door,,,,,,,,,,,
1423,975970,10080,1,Angela's,,,,,,,,,,,
1424,975970,10090,1,The Zebra,,,,,,,,,,,
1425,975971,10100,1,The Zebra,,,,,,,,,,,
1426,975972,10110,1,Arctic Wolf,,,,,,,,,,,
1427,975973,10120,1,Tiny Rebellion,,,,,,,,,,,
1428,975974,10130,1,Small Giants,,,,,,,,,,,
1429,975975,10030,1,Blue Kite Web,,,,,,,,,,,
1430,975976,10070,1,The Marron Door,,,,,,,,,,,
1431,975977,10040,1,The Tree Fellas,,,,,,,,,,,
1432,975978,10090,1,The Zebra,,,,,,,,,,,
1433,975979,10050,1,The Orange,,,,,,,,,,,
1434,975980,10140,1,Unchained Carrot,,,,,,,,,,,
1435,975981,10060,1,Purple Mango,,,,,,,,,,,
1436,975981,10160,1,Arctic Wolf,,,,,,,,,,,
1437,975982,10070,1,The Marron Door,,,,,,,,,,,
1438,975982,10170,1,The Maroon Door,,,,,,,,,,,
1439,975983,10080,1,Angela's,,,,,,,,,,,
1440,975983,10090,1,The Zebra,,,,,,,,,,,
1441,975984,10100,1,The Zebra,,,,,,,,,,,
1442,975984,10110,1,Arctic Wolf,,,,,,,,,,,
1443,975985,10120,1,Tiny Rebellion,,,,,,,,,,,
1444,975985,10130,1,Small Giants,,,,,,,,,,,
1445,975986,10140,1,Unchained Carrot,,,,,,,,,,,
1446,975986,10150,1,Blue Kite Web,,,,,,,,,,,
1447,975987,10160,1,Arctic Wolf,,,,,,,,,,,
1448,975987,10170,1,The Maroon Door,,,,,,,,,,,
1449,975988,10010,1,Purple Mango,,,,,,,,,,,
1450,975989,10010,1,Purple Mango,,,,,,,,,,,
1451,975990,10020,1,The Building People,,,,,,,,,,,
1452,975991,10030,1,Blue Kite Web,,,,,,,,,,,
1453,975992,10030,1,Blue Kite Web,,,,,,,,,,,
1454,975993,10070,1,The Marron Door,,,,,,,,,,,
1455,975994,10040,1,The Tree Fellas,,,,,,,,,,,
1456,975995,10090,1,The Zebra,,,,,,,,,,,
1457,975995,10050,1,The Orange,,,,,,,,,,,
1458,975996,10140,1,Unchained Carrot,,,,,,,,,,,
1459,975996,10060,1,Purple Mango,,,,,,,,,,,
1460,975997,10160,1,Arctic Wolf,,,,,,,,,,,
1461,975997,10070,1,The Marron Door,,,,,,,,,,,
1462,975998,10170,1,The Maroon Door,,,,,,,,,,,
1463,975998,10080,1,Angela's,,,,,,,,,,,
1464,975999,10090,1,The Zebra,,,,,,,,,,,
1465,975999,10100,1,The Zebra,,,,,,,,,,,
1466,976000,10110,1,Arctic Wolf,,,,,,,,,,,
1467,976000,10120,1,Tiny Rebellion,,,,,,,,,,,
1468,976001,10130,1,Small Giants,,,,,,,,,,,
1469,976001,10140,1,Unchained Carrot,,,,,,,,,,,
1470,976002,10150,1,Blue Kite Web,,,,,,,,,,,
1471,976003,10160,1,Arctic Wolf,,,,,,,,,,,
1472,976004,10170,1,The Maroon Door,,,,,,,,,,,
1473,976005,10010,1,Purple Mango,,,,,,,,,,,
1474,976006,10010,1,Purple Mango,,,,,,,,,,,
1475,976007,10020,1,The Building People,,,,,,,,,,,
1476,976008,10030,1,Blue Kite Web,,,,,,,,,,,
1477,976009,10030,1,Blue Kite Web,,,,,,,,,,,
1478,976010,10070,1,The Marron Door,,,,,,,,,,,
1479,976011,10040,1,The Tree Fellas,,,,,,,,,,,
1480,976012,10090,1,The Zebra,,,,,,,,,,,
1481,976012,10050,1,The Orange,,,,,,,,,,,
1482,976013,10140,1,Unchained Carrot,,,,,,,,,,,
1483,976013,10060,1,Purple Mango,,,,,,,,,,,
1484,976014,10160,1,Arctic Wolf,,,,,,,,,,,
1485,976014,10070,1,The Marron Door,,,,,,,,,,,
1486,976015,10170,1,The Maroon Door,,,,,,,,,,,
1487,976015,10080,1,Angela's,,,,,,,,,,,
1488,976016,10090,1,The Zebra,,,,,,,,,,,
1489,976016,10100,1,The Zebra,,,,,,,,,,,
1490,976017,10110,1,Arctic Wolf,,,,,,,,,,,
1491,976017,10120,1,Tiny Rebellion,,,,,,,,,,,
1492,976018,10130,1,Small Giants,,,,,,,,,,,
1493,976018,10030,1,Blue Kite Web,,,,,,,,,,,
1494,976019,10070,1,The Marron Door,,,,,,,,,,,
1495,976020,10040,1,The Tree Fellas,,,,,,,,,,,
1496,976021,10090,1,The Zebra,,,,,,,,,,,
1497,976022,10050,1,The Orange,,,,,,,,,,,
1498,976023,10140,1,Unchained Carrot,,,,,,,,,,,
1499,976024,10060,1,Purple Mango,,,,,,,,,,,
1500,976025,10160,1,Arctic Wolf,,,,,,,,,,,
1501,976026,10070,1,The Marron Door,,,,,,,,,,,
1502,976027,10170,1,The Maroon Door,,,,,,,,,,,